x1,x2,x3,x4,x5,x6,x7,x8,x9,x10,x11,x12,x13,x14,x15,x16,x17,x18,x19,x20,x21,x22,x23,x24,x25,x26,x27,x28,x29,x30,x31,x32,x33,x34,x35,x36,x37,x38,x39,x40,x41,x42,x43,x44,x45,x46,x47,x48,x49,x50,x51,x52,x53,x54,x55,x56,x57,x58,x59,x60,x61,x62,x63,x64
0.9605240821838379,0.9605242609977722,0.9605244994163513,0.9605249166488647,0.960525393486023,0.9605259895324707,0.9605267643928528,0.9605276584625244,0.9605288505554199,0.9605303406715393,0.9605321288108826,0.9605341553688049,0.960536539554596,0.9605394601821899,0.9605432748794556,0.9605479836463928,0.9605535864830017,0.9605603218078613,0.9605688452720642,0.960579514503479,0.9605920314788818,0.960606575012207,0.9606233835220337,0.9606420993804932,0.9606488943099976,0.9605934619903564,0.9604283571243286,0.9603843092918396,0.9611108303070068,0.9631645083427429,0.9674590229988098,0.97287917137146,0.9769299626350403,0.9789082407951355,0.9826143383979797,0.9903191328048706,0.9990282654762268,1.0077069997787476,1.0148873329162598,1.0135642290115356,1.0140931606292725,1.0222731828689575,1.0319101810455322,1.034369945526123,1.0315006971359253,1.028334379196167,1.0233360528945923,1.0160999298095703,1.00834321975708,1.002335786819458,0.999732494354248,1.0005731582641602,1.0044180154800415,1.0104789733886719,1.0173386335372925,1.0237852334976196,1.0289000272750854,1.0317713022232056,1.0323132276535034,1.0323214530944824,1.0361793041229248,1.0446499586105347,1.0501996278762817,1.0525531768798828
0.9605240821838379,0.9605242609977722,0.9605244994163513,0.9605249166488647,0.960525393486023,0.9605259895324707,0.9605267643928528,0.9605276584625244,0.9605288505554199,0.9605303406715393,0.9605321288108826,0.9605341553688049,0.960536539554596,0.9605395197868347,0.9605432748794556,0.9605479836463928,0.9605535268783569,0.9605603218078613,0.960568904876709,0.960579514503479,0.9605919122695923,0.9606063961982727,0.9606235027313232,0.96064293384552,0.9606539011001587,0.9606149792671204,0.9604973196983337,0.9605458974838257,0.9613401293754578,0.9633530378341675,0.9676364064216614,0.9727972745895386,0.9763725399971008,0.9785629510879517,0.9824437499046326,0.9902554750442505,0.9994462728500366,1.0087203979492188,1.0156350135803223,1.0124162435531616,1.0096697807312012,1.0164998769760132,1.0295062065124512,1.0384823083877563,1.0405000448226929,1.0388908386230469,1.036421537399292,1.0336238145828247,1.0285156965255737,1.020382046699524,1.011608600616455,1.0050668716430664,1.0023783445358276,1.0034970045089722,1.0074650049209595,1.0128772258758545,1.0185602903366089,1.0237094163894653,1.0274043083190918,1.0288633108139038,1.0318984985351562,1.0416457653045654,1.049835443496704,1.0527150630950928
0.9605240821838379,0.9605242609977722,0.9605244994163513,0.9605249166488647,0.960525393486023,0.9605259895324707,0.9605267643928528,0.9605276584625244,0.9605288505554199,0.9605303406715393,0.9605321288108826,0.9605341553688049,0.9605365991592407,0.9605395793914795,0.9605432748794556,0.960547924041748,0.9605534672737122,0.9605603218078613,0.9605689644813538,0.9605794548988342,0.9605916738510132,0.9606062173843384,0.9606238603591919,0.960644543170929,0.9606612920761108,0.9606449604034424,0.9605832695960999,0.9607111811637878,0.9615331292152405,0.9635237455368042,0.9676718711853027,0.9725902676582336,0.9758579134941101,0.978247880935669,0.9822107553482056,0.9899293780326843,0.9993690848350525,1.0087740421295166,1.0157731771469116,1.0118499994277954,1.0072969198226929,1.0111496448516846,1.020704746246338,1.0310038328170776,1.0374301671981812,1.0370756387710571,1.0339572429656982,1.0347095727920532,1.0385257005691528,1.0394871234893799,1.0353102684020996,1.0273337364196777,1.0176422595977783,1.0092145204544067,1.0055443048477173,1.0074206590652466,1.0121439695358276,1.0172914266586304,1.0226207971572876,1.0264569520950317,1.0295042991638184,1.0391936302185059,1.0492857694625854,1.0527924299240112
0.9605240821838379,0.9605242609977722,0.9605244994163513,0.9605249166488647,0.960525393486023,0.9605259895324707,0.9605267643928528,0.9605276584625244,0.9605288505554199,0.9605303406715393,0.9605320692062378,0.9605341553688049,0.9605365991592407,0.9605395793914795,0.9605432748794556,0.9605478644371033,0.9605534672737122,0.9605603814125061,0.9605689644813538,0.9605793356895447,0.9605914950370789,0.9606061577796936,0.9606244564056396,0.9606466889381409,0.9606698155403137,0.9606782793998718,0.96067214012146,0.9608551859855652,0.9616637229919434,0.9636539220809937,0.9675818681716919,0.9722532033920288,0.9753627181053162,0.9779307246208191,0.9819048047065735,0.9893715381622314,0.9986483454704285,1.0073890686035156,1.015109658241272,1.0124932527542114,1.0076643228530884,1.0079922676086426,1.0114543437957764,1.0184381008148193,1.0270966291427612,1.030570387840271,1.0265274047851562,1.0239827632904053,1.0291377305984497,1.037448763847351,1.043472409248352,1.0455079078674316,1.0429883003234863,1.0348434448242188,1.0214520692825317,1.0097135305404663,1.0082439184188843,1.0131968259811401,1.0194151401519775,1.0246871709823608,1.0282166004180908,1.037580132484436,1.0487794876098633,1.0528342723846436
0.9605240821838379,0.9605242609977722,0.9605244994163513,0.9605249166488647,0.960525393486023,0.9605259895324707,0.9605267643928528,0.9605276584625244,0.9605288505554199,0.9605302810668945,0.9605320692062378,0.9605341553688049,0.9605366587638855,0.9605396389961243,0.9605433344841003,0.9605478644371033,0.9605534672737122,0.9605604410171509,0.9605690240859985,0.9605792760848999,0.9605913162231445,0.9606060981750488,0.9606250524520874,0.9606486558914185,0.9606772065162659,0.9607067704200745,0.9607470035552979,0.960959255695343,0.9617244005203247,0.9637126326560974,0.9674084782600403,0.9718109369277954,0.9748613238334656,0.9775633811950684,0.9814955592155457,0.9886242747306824,0.9974390864372253,1.00478196144104,1.013096809387207,1.0133464336395264,1.0092545747756958,1.0070635080337524,1.0060796737670898,1.0082240104675293,1.015589952468872,1.0239897966384888,1.0253177881240845,1.0214520692825317,1.021731972694397,1.0273038148880005,1.0337895154953003,1.0388623476028442,1.0432507991790771,1.0461866855621338,1.0455479621887207,1.0332008600234985,1.0142676830291748,1.009106159210205,1.0154885053634644,1.0231417417526245,1.027588963508606,1.0367335081100464,1.048459529876709,1.0528879165649414
0.9605240821838379,0.9605242609977722,0.9605244994163513,0.9605249166488647,0.960525393486023,0.9605259895324707,0.9605267643928528,0.9605276584625244,0.9605288505554199,0.9605302810668945,0.960532009601593,0.9605341553688049,0.9605366587638855,0.960539698600769,0.9605433344841003,0.9605478644371033,0.9605534672737122,0.9605604410171509,0.9605690240859985,0.9605791568756104,0.960591197013855,0.9606061577796936,0.960625410079956,0.960649847984314,0.9606816172599792,0.9607244729995728,0.9607956409454346,0.9610147476196289,0.9617215991020203,0.9636772871017456,0.9671893119812012,0.9712968468666077,0.9743057489395142,0.9771013259887695,0.9810633659362793,0.9877641797065735,0.9960443377494812,1.0018517971038818,1.0088986158370972,1.0120216608047485,1.009553074836731,1.0065675973892212,1.0037319660186768,1.0021699666976929,1.0049694776535034,1.0134685039520264,1.022584080696106,1.0240135192871094,1.0218253135681152,1.023260235786438,1.027622938156128,1.0313564538955688,1.0355125665664673,1.0388718843460083,1.0399060249328613,1.0456125736236572,1.0375796556472778,1.017120361328125,1.0127456188201904,1.0207730531692505,1.0271663665771484,1.0365577936172485,1.0483874082565308,1.0529841184616089
0.9605240821838379,0.9605242609977722,0.9605244994163513,0.9605249166488647,0.960525393486023,0.9605259895324707,0.9605267643928528,0.9605276584625244,0.9605288505554199,0.9605302810668945,0.960532009601593,0.9605340957641602,0.9605367183685303,0.9605397582054138,0.9605433940887451,0.9605478644371033,0.9605534672737122,0.9605605006217957,0.9605690240859985,0.9605790972709656,0.9605911374092102,0.9606062173843384,0.9606255888938904,0.9606503248214722,0.9606829881668091,0.9607310891151428,0.9608157873153687,0.961025595664978,0.961670458316803,0.9635403156280518,0.9669079780578613,0.9707284569740295,0.9736515283584595,0.9765360951423645,0.980796754360199,0.9869469404220581,0.9947046637535095,0.9995855093002319,1.0040227174758911,1.007232666015625,1.0069539546966553,1.0044028759002686,1.0010993480682373,0.9992654919624329,0.9993677735328674,1.0028496980667114,1.0119142532348633,1.020614504814148,1.0211138725280762,1.0186772346496582,1.0200634002685547,1.0232564210891724,1.0292420387268066,1.0369995832443237,1.040466070175171,1.0370887517929077,1.0433801412582397,1.030464768409729,1.0155730247497559,1.0187817811965942,1.026638388633728,1.036899209022522,1.0485539436340332,1.0531320571899414
0.9605240821838379,0.9605242013931274,0.9605244994163513,0.9605249166488647,0.960525393486023,0.9605259895324707,0.9605267643928528,0.9605277180671692,0.9605288505554199,0.9605302214622498,0.9605319499969482,0.9605340957641602,0.9605367183685303,0.9605398178100586,0.9605434536933899,0.960547924041748,0.9605535268783569,0.9605605006217957,0.9605689644813538,0.9605790376663208,0.9605911374092102,0.9606063365936279,0.9606257677078247,0.9606503248214722,0.9606825113296509,0.9607304334640503,0.9608151912689209,0.9610071778297424,0.9615893959999084,0.9633132815361023,0.9664973616600037,0.9700823426246643,0.9728938341140747,0.9759001135826111,0.9807952642440796,0.9863606095314026,0.9935885667800903,0.9982002973556519,1.0008400678634644,1.002907156944275,1.0034199953079224,1.0013002157211304,0.9984632730484009,0.9979676604270935,0.9975839257240295,0.999613881111145,1.0035101175308228,1.0122588872909546,1.0191292762756348,1.0173077583312988,1.014308214187622,1.0140361785888672,1.017476201057434,1.0270136594772339,1.0386815071105957,1.0417712926864624,1.043403148651123,1.03950035572052,1.0219745635986328,1.0185288190841675,1.0262356996536255,1.0375921726226807,1.048891305923462,1.0533241033554077
0.9605240821838379,0.9605242013931274,0.9605244994163513,0.9605249166488647,0.960525393486023,0.9605259895324707,0.9605267643928528,0.9605277180671692,0.9605288505554199,0.9605302214622498,0.9605319499969482,0.9605340957641602,0.9605367183685303,0.9605398178100586,0.9605434536933899,0.960547924041748,0.9605535268783569,0.9605605006217957,0.9605689644813538,0.9605790376663208,0.960591197013855,0.9606064558029175,0.9606258273124695,0.9606502056121826,0.9606814384460449,0.9607270359992981,0.9608054757118225,0.9609767198562622,0.961493968963623,0.9630254507064819,0.9659296870231628,0.9693188071250916,0.9720597267150879,0.9752641320228577,0.9809406399726868,0.9865254759788513,0.9928717613220215,0.9972847104072571,0.9991656541824341,1.000503420829773,1.0004955530166626,0.9985238909721375,0.9979076385498047,0.9986898303031921,0.9978327751159668,0.9984395503997803,1.002267837524414,1.0070620775222778,1.014934778213501,1.0185245275497437,1.0155900716781616,1.0127798318862915,1.011926293373108,1.0164581537246704,1.0304216146469116,1.042189121246338,1.0413234233856201,1.0434259176254272,1.0283766984939575,1.0198724269866943,1.0262610912322998,1.0384998321533203,1.0493040084838867,1.0535470247268677
0.9605240821838379,0.9605242013931274,0.9605244994163513,0.9605249166488647,0.960525393486023,0.9605259895324707,0.9605267643928528,0.9605277180671692,0.9605288505554199,0.9605302214622498,0.9605319499969482,0.9605340957641602,0.9605367183685303,0.9605398178100586,0.9605434536933899,0.960547924041748,0.9605535268783569,0.9605605602264404,0.9605689644813538,0.9605790376663208,0.9605912566184998,0.960606575012207,0.9606258869171143,0.9606499671936035,0.9606804251670837,0.9607236385345459,0.9607946276664734,0.960945188999176,0.9613943099975586,0.9627101421356201,0.9652621150016785,0.9684568643569946,0.9711741805076599,0.9747204780578613,0.9811234474182129,0.9875770211219788,0.9925546646118164,0.9965254068374634,0.9981104731559753,0.9987860321998596,0.9981874227523804,0.9977468252182007,0.9985958933830261,0.9988729953765869,0.9989814758300781,0.9977996349334717,1.001950979232788,1.0067870616912842,1.0119129419326782,1.0171260833740234,1.0174497365951538,1.0150583982467651,1.0128376483917236,1.0116260051727295,1.0198220014572144,1.0381536483764648,1.0424729585647583,1.0451534986495972,1.0331164598464966,1.0218913555145264,1.0267399549484253,1.0394941568374634,1.0497103929519653,1.0537906885147095
0.9605240821838379,0.9605242013931274,0.9605244994163513,0.9605249166488647,0.960525393486023,0.9605259895324707,0.9605267643928528,0.9605277180671692,0.9605288505554199,0.9605302214622498,0.9605319499969482,0.9605340361595154,0.9605366587638855,0.9605398178100586,0.9605434536933899,0.960547924041748,0.9605535864830017,0.9605605602264404,0.9605689644813538,0.9605790376663208,0.9605913758277893,0.9606066942214966,0.960625946521759,0.9606497883796692,0.9606797099113464,0.9607208371162415,0.9607855081558228,0.9609175324440002,0.9612990021705627,0.9623969793319702,0.9645705223083496,0.9675580263137817,0.9702685475349426,0.97430020570755,0.9813913106918335,0.9884597659111023,0.9921212196350098,0.9957521557807922,0.9973363876342773,0.997744619846344,0.9976776838302612,0.997987687587738,0.9984622001647949,0.998195230960846,0.998830258846283,0.9982789158821106,1.0023280382156372,1.0082356929779053,1.012800693511963,1.016631007194519,1.017970323562622,1.016831874847412,1.0151879787445068,1.0130259990692139,1.0125141143798828,1.029954433441162,1.0430855751037598,1.0458139181137085,1.0372827053070068,1.024098515510559,1.0274492502212524,1.0404362678527832,1.0500690937042236,1.054061770439148
0.9605240821838379,0.9605242013931274,0.9605244994163513,0.9605249166488647,0.960525393486023,0.9605259895324707,0.9605267643928528,0.9605277180671692,0.9605288505554199,0.9605302214622498,0.9605319499969482,0.9605340361595154,0.9605366587638855,0.9605397582054138,0.9605434536933899,0.960547924041748,0.9605536460876465,0.9605606198310852,0.9605689644813538,0.9605790376663208,0.9605914354324341,0.9606067538261414,0.9606258869171143,0.9606496095657349,0.9606791734695435,0.9607185125350952,0.9607781767845154,0.9608952403068542,0.9612165689468384,0.9621149301528931,0.9639136791229248,0.9666456580162048,0.9694115519523621,0.9739668965339661,0.9816880822181702,0.9886131882667542,0.99193274974823,0.9950891137123108,0.9967725276947021,0.9972020387649536,0.997566282749176,0.9973537921905518,0.9976949095726013,0.9980176687240601,0.9990403056144714,0.9989060163497925,1.0034605264663696,1.0097600221633911,1.0142873525619507,1.0167479515075684,1.0171139240264893,1.016046404838562,1.0145140886306763,1.0144381523132324,1.011513113975525,1.020822286605835,1.0419223308563232,1.040917158126831,1.0399177074432373,1.0264577865600586,1.0281422138214111,1.0411707162857056,1.0503783226013184,1.054376482963562
0.9605240821838379,0.9605242013931274,0.9605244994163513,0.9605249166488647,0.960525393486023,0.9605259895324707,0.9605267643928528,0.9605277180671692,0.9605288505554199,0.9605302214622498,0.9605319499969482,0.9605340361595154,0.9605366587638855,0.960539698600769,0.9605434536933899,0.9605479836463928,0.9605537056922913,0.96056067943573,0.9605689644813538,0.9605790376663208,0.9605914354324341,0.9606068134307861,0.9606258869171143,0.9606494307518005,0.9606786370277405,0.9607164263725281,0.9607720971107483,0.960877537727356,0.9611511826515198,0.9618852138519287,0.963348388671875,0.9657502770423889,0.9686741828918457,0.9737361073493958,0.981881320476532,0.988529622554779,0.9921112060546875,0.9948395490646362,0.9964169859886169,0.9969780445098877,0.9972937107086182,0.9967133402824402,0.9975755214691162,0.9982672929763794,0.9996315240859985,1.0001412630081177,1.0038424730300903,1.0087566375732422,1.0123372077941895,1.0140775442123413,1.014440655708313,1.0143235921859741,1.0137566328048706,1.0137583017349243,1.012890100479126,1.0148476362228394,1.037589192390442,1.036454439163208,1.0397506952285767,1.0287630558013916,1.028748869895935,1.0416091680526733,1.0506654977798462,1.0547373294830322
0.9605240821838379,0.9605242609977722,0.9605244994163513,0.9605249166488647,0.960525393486023,0.9605259895324707,0.9605267643928528,0.9605277180671692,0.9605288505554199,0.9605302214622498,0.9605319499969482,0.9605340361595154,0.9605365991592407,0.960539698600769,0.9605434536933899,0.9605480432510376,0.960553765296936,0.9605607390403748,0.9605689644813538,0.960578978061676,0.9605914354324341,0.9606068134307861,0.9606258273124695,0.960649311542511,0.960678219795227,0.9607146978378296,0.9607670307159424,0.9608636498451233,0.9611011743545532,0.9617093801498413,0.9629212617874146,0.9650095701217651,0.968101978302002,0.9736396670341492,0.9820441007614136,0.9883920550346375,0.9919314980506897,0.9949581623077393,0.9964463710784912,0.9971151947975159,0.9970310926437378,0.9971698522567749,0.9979646801948547,0.9986236095428467,1.0003650188446045,1.0036834478378296,1.0075950622558594,1.0111525058746338,1.0139230489730835,1.0159132480621338,1.017310380935669,1.0180891752243042,1.018283486366272,1.0166137218475342,1.0151512622833252,1.012919545173645,1.0327712297439575,1.0401195287704468,1.0384951829910278,1.0306669473648071,1.029363989830017,1.0417784452438354,1.0509512424468994,1.0551598072052002
0.9605240821838379,0.9605242609977722,0.9605244994163513,0.9605249166488647,0.960525393486023,0.9605259895324707,0.9605267643928528,0.9605277180671692,0.9605288505554199,0.9605302810668945,0.9605319499969482,0.9605340361595154,0.9605365991592407,0.960539698600769,0.9605434536933899,0.9605481028556824,0.9605538845062256,0.9605607986450195,0.9605689644813538,0.9605789184570312,0.9605913162231445,0.9606067538261414,0.9606258273124695,0.9606492519378662,0.9606778025627136,0.9607132077217102,0.960763156414032,0.9608529806137085,0.9610620141029358,0.9615734815597534,0.9626283049583435,0.9645358920097351,0.9677303433418274,0.9736435413360596,0.9822192192077637,0.9880316257476807,0.9916432499885559,0.995479941368103,0.9969567060470581,0.9973997473716736,0.9968504309654236,0.9985597133636475,0.9980185627937317,0.9991977214813232,1.0041730403900146,1.0141698122024536,1.0218020677566528,1.0262134075164795,1.0286970138549805,1.0300250053405762,1.0304951667785645,1.029949426651001,1.0284773111343384,1.0247095823287964,1.0199365615844727,1.0137512683868408,1.0290806293487549,1.0435824394226074,1.036946177482605,1.0317102670669556,1.0298826694488525,1.0418039560317993,1.0512491464614868,1.055602788925171
0.9605240821838379,0.9605242609977722,0.9605244994163513,0.9605249166488647,0.960525393486023,0.9605259895324707,0.9605267643928528,0.9605277180671692,0.9605288505554199,0.9605302810668945,0.9605319499969482,0.9605340361595154,0.960536539554596,0.9605396389961243,0.9605434536933899,0.9605481624603271,0.9605539441108704,0.9605608582496643,0.9605689644813538,0.9605787992477417,0.960591197013855,0.9606066942214966,0.9606258273124695,0.9606492519378662,0.960677444934845,0.9607121348381042,0.9607602953910828,0.9608449935913086,0.9610292911529541,0.9614599943161011,0.9624075293540955,0.964240312576294,0.967528760433197,0.9737109541893005,0.9823262691497803,0.9875931739807129,0.991607129573822,0.9960355162620544,0.9976838827133179,0.9977325201034546,0.9981263279914856,0.9989727139472961,0.9978024959564209,1.0020644664764404,1.016731858253479,1.031720757484436,1.03957998752594,1.0425454378128052,1.0433374643325806,1.0430881977081299,1.0421305894851685,1.0406057834625244,1.0382863283157349,1.0342333316802979,1.0272315740585327,1.0166971683502197,1.0276039838790894,1.0445842742919922,1.0352445840835571,1.0320452451705933,1.0304690599441528,1.0419219732284546,1.0515691041946411,1.0560877323150635
0.9605240821838379,0.9605242013931274,0.9605244994163513,0.9605249166488647,0.960525393486023,0.9605259895324707,0.9605267643928528,0.9605277180671692,0.9605288505554199,0.9605302810668945,0.9605319499969482,0.9605340361595154,0.960536539554596,0.9605396389961243,0.9605434536933899,0.9605482220649719,0.9605540037155151,0.9605609178543091,0.9605689644813538,0.9605786800384521,0.9605910181999207,0.9606066346168518,0.9606258869171143,0.960649311542511,0.9606772661209106,0.9607113003730774,0.9607583284378052,0.9608389139175415,0.9610002040863037,0.9613572359085083,0.9622002840042114,0.963954508304596,0.9674046039581299,0.9738103747367859,0.9823015332221985,0.9872841238975525,0.9917189478874207,0.9962500333786011,0.9985537528991699,0.9993025064468384,0.9996134042739868,0.9974192380905151,0.999218225479126,1.0129417181015015,1.0364481210708618,1.0465290546417236,1.0487055778503418,1.0484944581985474,1.0474025011062622,1.0459593534469604,1.0444955825805664,1.0431452989578247,1.0417336225509644,1.0397487878799438,1.0342971086502075,1.0209600925445557,1.0279197692871094,1.0454858541488647,1.0355327129364014,1.0332973003387451,1.0318739414215088,1.0424182415008545,1.052006483078003,1.0565602779388428
0.9605240821838379,0.9605242013931274,0.9605244994163513,0.9605249166488647,0.960525393486023,0.9605259895324707,0.9605267643928528,0.9605277180671692,0.9605288505554199,0.9605302810668945,0.960532009601593,0.9605340361595154,0.960536539554596,0.9605395793914795,0.9605434536933899,0.9605482220649719,0.9605540633201599,0.9605609178543091,0.9605689644813538,0.9605785608291626,0.9605907797813416,0.9606065154075623,0.9606260061264038,0.9606494307518005,0.9606772065162659,0.9607108235359192,0.9607568979263306,0.9608340859413147,0.9609736800193787,0.9612634181976318,0.9619863033294678,0.9635863900184631,0.9672492742538452,0.9738712906837463,0.9821435809135437,0.9871475100517273,0.9920886158943176,0.9964162707328796,0.9992722868919373,1.0003581047058105,0.9990522265434265,0.9968669414520264,1.006056308746338,1.0338653326034546,1.0496456623077393,1.0517884492874146,1.0516318082809448,1.0507179498672485,1.0485687255859375,1.0460119247436523,1.0438988208770752,1.0423862934112549,1.0411616563796997,1.0402135848999023,1.0381860733032227,1.0250213146209717,1.029159426689148,1.0471080541610718,1.038298487663269,1.0361084938049316,1.034548282623291,1.0435622930526733,1.0526299476623535,1.0569899082183838
0.9605240821838379,0.9605242013931274,0.9605244994163513,0.9605249166488647,0.960525393486023,0.9605259895324707,0.9605267643928528,0.9605277180671692,0.9605289101600647,0.9605303406715393,0.960532009601593,0.9605340361595154,0.960536539554596,0.9605395793914795,0.9605434536933899,0.9605482220649719,0.9605540633201599,0.9605609178543091,0.960568904876709,0.960578441619873,0.9605906009674072,0.9606063961982727,0.9606261253356934,0.9606496691703796,0.9606772661209106,0.9607105851173401,0.9607560634613037,0.9608299136161804,0.9609509110450745,0.961182713508606,0.9617831707000732,0.9632197022438049,0.9670017957687378,0.973825991153717,0.9818964600563049,0.9872109889984131,0.9927108287811279,0.9966616034507751,0.9994866847991943,1.0002461671829224,0.997657835483551,0.999377965927124,1.0213686227798462,1.0507081747055054,1.0523767471313477,1.0544373989105225,1.054897427558899,1.0518001317977905,1.0473382472991943,1.0435206890106201,1.0412229299545288,1.040382742881775,1.0403399467468262,1.039457082748413,1.0388810634613037,1.0276470184326172,1.0317144393920898,1.0490241050720215,1.0413280725479126,1.0389801263809204,1.0379939079284668,1.0454236268997192,1.0534915924072266,1.0573817491531372
0.9605240821838379,0.9605242013931274,0.9605244994163513,0.9605249166488647,0.960525393486023,0.9605259895324707,0.9605267643928528,0.9605277180671692,0.9605289101600647,0.9605303406715393,0.960532009601593,0.9605340361595154,0.9605364799499512,0.9605395197868347,0.9605433940887451,0.9605482220649719,0.9605541229248047,0.9605609774589539,0.960568904876709,0.9605783820152283,0.9605904221534729,0.9606062769889832,0.9606262445449829,0.960649847984314,0.9606773853302002,0.9607107043266296,0.9607557654380798,0.9608263969421387,0.9609333872795105,0.9611210823059082,0.9616326689720154,0.9630218148231506,0.9666957259178162,0.973646879196167,0.9816045761108398,0.9874845147132874,0.9935070872306824,0.9969449043273926,0.99941086769104,0.9993249773979187,0.9969014525413513,1.007603406906128,1.0411453247070312,1.053850531578064,1.0542820692062378,1.057761549949646,1.055173635482788,1.0479774475097656,1.0416128635406494,1.0374011993408203,1.0354589223861694,1.0356851816177368,1.0379610061645508,1.0385252237319946,1.0380207300186157,1.0291873216629028,1.0357985496520996,1.0508345365524292,1.0432648658752441,1.0414727926254272,1.0420570373535156,1.0479285717010498,1.0545014142990112,1.0576783418655396
0.9605240821838379,0.9605242013931274,0.9605244994163513,0.9605249166488647,0.960525393486023,0.9605259895324707,0.9605267643928528,0.9605277180671692,0.9605289101600647,0.9605303406715393,0.960532009601593,0.9605340361595154,0.9605364799499512,0.9605395197868347,0.9605433940887451,0.9605482220649719,0.9605541229248047,0.9605609774589539,0.960568904876709,0.9605783820152283,0.9605903029441833,0.9606061577796936,0.9606263041496277,0.9606500267982483,0.9606775045394897,0.9607110023498535,0.9607560038566589,0.9608237147331238,0.960922122001648,0.9610838890075684,0.9615524411201477,0.9629878997802734,0.9663434624671936,0.973349392414093,0.9813066720962524,0.9881226420402527,0.9948388338088989,0.9974069595336914,0.9989201426506042,0.9979637265205383,0.9988361597061157,1.0223098993301392,1.0534124374389648,1.0522992610931396,1.057674527168274,1.058432698249817,1.0511900186538696,1.0419625043869019,1.0358606576919556,1.0322567224502563,1.0309010744094849,1.0317319631576538,1.0352598428726196,1.0378179550170898,1.0361220836639404,1.030785083770752,1.0414050817489624,1.0526257753372192,1.045249342918396,1.0450016260147095,1.0470178127288818,1.0509616136550903,1.055830717086792,1.0582101345062256
0.9605240821838379,0.9605242013931274,0.9605244994163513,0.9605249166488647,0.960525393486023,0.9605259895324707,0.9605267643928528,0.9605277180671692,0.9605289101600647,0.9605303406715393,0.960532009601593,0.9605340361595154,0.9605364799499512,0.9605395197868347,0.9605433940887451,0.9605482816696167,0.9605541825294495,0.9605610370635986,0.960568904876709,0.9605783820152283,0.9605902433395386,0.9606060981750488,0.9606263637542725,0.9606501460075378,0.9606775641441345,0.9607113599777222,0.9607564806938171,0.9608219265937805,0.9609160423278809,0.9610688090324402,0.9615198373794556,0.9629740715026855,0.9659458994865417,0.972960352897644,0.9809802770614624,0.9894837737083435,0.997413158416748,0.9986705780029297,0.9982909560203552,0.9971139430999756,1.0059151649475098,1.039106845855713,1.0546205043792725,1.0531830787658691,1.0600314140319824,1.0569313764572144,1.045671820640564,1.0367753505706787,1.0319880247116089,1.0293774604797363,1.0287837982177734,1.0302555561065674,1.034377932548523,1.0370501279830933,1.0338314771652222,1.0342286825180054,1.0482228994369507,1.0547709465026855,1.0484830141067505,1.049356460571289,1.0509693622589111,1.0528748035430908,1.0566526651382446,1.0582642555236816
0.9605240821838379,0.9605242013931274,0.9605244994163513,0.9605249166488647,0.960525393486023,0.9605259895324707,0.9605267643928528,0.9605277180671692,0.9605289101600647,0.9605303406715393,0.960532009601593,0.9605340361595154,0.9605364203453064,0.9605394601821899,0.9605433940887451,0.9605482816696167,0.9605541825294495,0.9605610370635986,0.9605689644813538,0.9605783820152283,0.9605903029441833,0.9606060981750488,0.9606264233589172,0.9606500864028931,0.9606773853302002,0.9607115983963013,0.9607570171356201,0.9608204960823059,0.9609121680259705,0.9610663652420044,0.9615112543106079,0.96291583776474,0.965631365776062,0.9724934697151184,0.9805910587310791,0.9916588664054871,1.001023769378662,1.0000571012496948,0.9966623187065125,0.998365581035614,1.018885612487793,1.0499863624572754,1.0526447296142578,1.056222915649414,1.0615235567092896,1.0534584522247314,1.0404911041259766,1.0337880849838257,1.0306404829025269,1.0290701389312744,1.028931736946106,1.031256914138794,1.035061240196228,1.035316824913025,1.0332415103912354,1.040938377380371,1.0548861026763916,1.0571024417877197,1.0535613298416138,1.0556615591049194,1.0563569068908691,1.0567781925201416,1.0597987174987793,1.0608526468276978
0.9605240821838379,0.9605242013931274,0.9605244994163513,0.9605249166488647,0.960525393486023,0.9605259895324707,0.9605267643928528,0.9605277180671692,0.9605289101600647,0.9605302810668945,0.960532009601593,0.9605339765548706,0.9605364203453064,0.9605394601821899,0.9605433940887451,0.9605483412742615,0.9605542421340942,0.9605610966682434,0.9605689644813538,0.960578441619873,0.9605903625488281,0.9606061577796936,0.9606263637542725,0.9606499671936035,0.9606770873069763,0.9607117176055908,0.960757315158844,0.9608187675476074,0.9609079957008362,0.961067795753479,0.9615160226821899,0.9628410935401917,0.9655083417892456,0.9719642400741577,0.9801679849624634,0.9937845468521118,1.0044784545898438,1.0004847049713135,0.9954400658607483,1.0040701627731323,1.0312340259552002,1.0530061721801758,1.0528382062911987,1.0594825744628906,1.061583399772644,1.0495855808258057,1.0376399755477905,1.0331130027770996,1.0314143896102905,1.030712366104126,1.0312672853469849,1.0336235761642456,1.0348057746887207,1.033426284790039,1.0364686250686646,1.0490095615386963,1.058791160583496,1.0576575994491577,1.0564523935317993,1.0599827766418457,1.0616388320922852,1.0618114471435547,1.0636703968048096,1.0645889043807983
0.9605240821838379,0.9605242013931274,0.9605244994163513,0.9605249166488647,0.960525393486023,0.9605260491371155,0.9605267643928528,0.9605277180671692,0.9605289101600647,0.9605302810668945,0.9605319499969482,0.9605339765548706,0.9605364203453064,0.9605394601821899,0.9605434536933899,0.9605484008789062,0.960554301738739,0.9605610966682434,0.9605689644813538,0.9605785012245178,0.9605905413627625,0.9606062769889832,0.9606263041496277,0.9606496691703796,0.9606767892837524,0.9607115387916565,0.9607571959495544,0.960816502571106,0.9609028697013855,0.9610687494277954,0.9615234136581421,0.9627711176872253,0.9654430150985718,0.9714192748069763,0.9797481298446655,0.994507372379303,1.0068894624710083,1.001150131225586,0.9958817362785339,1.0102673768997192,1.0384764671325684,1.0536059141159058,1.0543016195297241,1.0617547035217285,1.0611172914505005,1.047228455543518,1.036498785018921,1.0333566665649414,1.0328013896942139,1.0330156087875366,1.0334067344665527,1.0337055921554565,1.0328010320663452,1.0344091653823853,1.0442124605178833,1.0577913522720337,1.063490390777588,1.0613113641738892,1.060498595237732,1.0633560419082642,1.0658206939697266,1.0667918920516968,1.0680170059204102,1.0689938068389893
0.9605240821838379,0.9605242013931274,0.9605244994163513,0.9605249166488647,0.960525393486023,0.9605260491371155,0.9605268239974976,0.9605277180671692,0.9605289101600647,0.9605302810668945,0.9605319499969482,0.9605339169502258,0.9605363607406616,0.9605394601821899,0.9605434536933899,0.9605484008789062,0.960554301738739,0.9605610966682434,0.9605690240859985,0.9605786204338074,0.9605907797813416,0.9606064558029175,0.9606261849403381,0.960649311542511,0.9606764316558838,0.9607111811637878,0.9607564806938171,0.960813581943512,0.9608972072601318,0.9610671401023865,0.961520791053772,0.9626855254173279,0.9652351140975952,0.970844030380249,0.9793248176574707,0.9954427480697632,1.008675456047058,1.0006955862045288,0.9966371059417725,1.0135711431503296,1.0413901805877686,1.054043173789978,1.0554412603378296,1.0633190870285034,1.0612694025039673,1.046393632888794,1.0365798473358154,1.0337083339691162,1.033462643623352,1.0335583686828613,1.0326868295669556,1.0321470499038696,1.0336840152740479,1.0412684679031372,1.0544729232788086,1.065881371498108,1.0707913637161255,1.0720869302749634,1.073864221572876,1.0768753290176392,1.0798596143722534,1.0820473432540894,1.0836189985275269,1.0844697952270508
0.9605240821838379,0.9605242013931274,0.9605244994163513,0.9605249166488647,0.960525393486023,0.9605260491371155,0.9605268239974976,0.9605277180671692,0.9605289101600647,0.9605302810668945,0.9605319499969482,0.9605339169502258,0.9605363607406616,0.9605394601821899,0.9605434536933899,0.9605484008789062,0.960554301738739,0.9605610966682434,0.9605690836906433,0.9605787396430969,0.9605910181999207,0.9606066942214966,0.9606261253356934,0.9606489539146423,0.9606761932373047,0.9607108235359192,0.9607552289962769,0.9608100056648254,0.9608912467956543,0.9610615372657776,0.9615002274513245,0.9625509977340698,0.9648551344871521,0.9702133536338806,0.9788199067115784,0.9963887333869934,1.0104514360427856,1.0006591081619263,0.9974045157432556,1.015114426612854,1.042153239250183,1.0542374849319458,1.0559602975845337,1.064616322517395,1.062374472618103,1.047300934791565,1.037575125694275,1.0336971282958984,1.032501220703125,1.0321444272994995,1.0314569473266602,1.0325464010238647,1.0370864868164062,1.0455007553100586,1.0549105405807495,1.0621031522750854,1.0673385858535767,1.0718504190444946,1.0758459568023682,1.079174280166626,1.08172607421875,1.0835766792297363,1.0848406553268433,1.0854412317276
0.9605240821838379,0.9605242013931274,0.9605244994163513,0.96052485704422,0.960525393486023,0.9605260491371155,0.9605268239974976,0.960527777671814,0.9605289101600647,0.9605302810668945,0.9605319499969482,0.9605339169502258,0.9605363607406616,0.9605394601821899,0.9605433940887451,0.9605483412742615,0.9605542421340942,0.9605610966682434,0.9605691432952881,0.9605789184570312,0.9605912566184998,0.9606068730354309,0.9606260061264038,0.9606485962867737,0.9606760740280151,0.9607104659080505,0.9607535600662231,0.9608060121536255,0.9608848094940186,0.9610512852668762,0.961462140083313,0.9623785614967346,0.9644513130187988,0.9694833159446716,0.9781152606010437,0.9967492818832397,1.0120651721954346,1.0016095638275146,0.9972743988037109,1.014339566230774,1.0413185358047485,1.0541491508483887,1.0559101104736328,1.0658624172210693,1.0645045042037964,1.049856185913086,1.0397441387176514,1.034467101097107,1.0320680141448975,1.0311400890350342,1.0305922031402588,1.0322771072387695,1.0371720790863037,1.0449209213256836,1.0537402629852295,1.061721682548523,1.067831039428711,1.0715676546096802,1.073137640953064,1.0734602212905884,1.073472023010254,1.073602318763733,1.0739779472351074,1.0744199752807617
0.9605240821838379,0.9605242013931274,0.9605244994163513,0.96052485704422,0.960525393486023,0.9605260491371155,0.9605268239974976,0.960527777671814,0.9605288505554199,0.9605302810668945,0.9605319499969482,0.9605339169502258,0.9605364203453064,0.9605395197868347,0.9605433940887451,0.9605482220649719,0.9605541229248047,0.9605610370635986,0.9605692028999329,0.9605791568756104,0.9605914950370789,0.9606069922447205,0.9606258869171143,0.9606482982635498,0.9606759548187256,0.960710346698761,0.9607518315315247,0.9608021974563599,0.9608781933784485,0.9610377550125122,0.9614219069480896,0.9622558951377869,0.9641692042350769,0.9685890674591064,0.9772050976753235,0.9963768124580383,1.0130764245986938,1.003267526626587,0.996019721031189,1.0124402046203613,1.0419095754623413,1.0536106824874878,1.0554686784744263,1.0671286582946777,1.0674079656600952,1.054287314414978,1.0438443422317505,1.0364991426467896,1.0320494174957275,1.0306308269500732,1.0317680835723877,1.0372836589813232,1.047160029411316,1.05829918384552,1.0663225650787354,1.0689548254013062,1.0674409866333008,1.06456458568573,1.0623891353607178,1.061163306236267,1.0607677698135376,1.0609917640686035,1.0615347623825073,1.0620465278625488
0.9605240821838379,0.9605242013931274,0.9605244994163513,0.96052485704422,0.960525393486023,0.9605260491371155,0.9605268239974976,0.960527777671814,0.9605288505554199,0.9605302214622498,0.9605318903923035,0.9605339765548706,0.9605364799499512,0.9605395197868347,0.9605433940887451,0.9605481624603271,0.9605540037155151,0.9605609774589539,0.9605693221092224,0.9605793952941895,0.960591733455658,0.9606070518493652,0.9606257677078247,0.9606480598449707,0.9606760144233704,0.9607104063034058,0.9607505798339844,0.9607995748519897,0.9608731269836426,0.9610275030136108,0.9614169001579285,0.9623019695281982,0.9641010165214539,0.9677526354789734,0.9761552810668945,0.9953746199607849,1.013489842414856,1.0058175325393677,0.9967955350875854,1.0153639316558838,1.0445586442947388,1.052066683769226,1.055043339729309,1.0684970617294312,1.07049560546875,1.060402512550354,1.0516220331192017,1.0449026823043823,1.0412074327468872,1.0422486066818237,1.0476890802383423,1.0561002492904663,1.0631954669952393,1.0646721124649048,1.060845971107483,1.0560662746429443,1.053660273551941,1.053432583808899,1.0540114641189575,1.05516517162323,1.0565533638000488,1.057970404624939,1.059152603149414,1.0597736835479736
0.9605240821838379,0.9605242013931274,0.9605244994163513,0.9605249166488647,0.960525393486023,0.9605260491371155,0.9605268239974976,0.960527777671814,0.9605288505554199,0.9605302214622498,0.9605318903923035,0.9605339765548706,0.9605364799499512,0.9605395793914795,0.9605433940887451,0.9605481028556824,0.9605538845062256,0.9605608582496643,0.9605693817138672,0.9605796337127686,0.9605919718742371,0.96060711145401,0.9606255888938904,0.9606479406356812,0.9606763124465942,0.9607110023498535,0.9607505798339844,0.9607996940612793,0.9608739018440247,0.9610322117805481,0.961483895778656,0.9625795483589172,0.9643415808677673,0.9674814939498901,0.9749865531921387,0.9939713478088379,1.013609766960144,1.0094473361968994,1.0017297267913818,1.0212966203689575,1.0476319789886475,1.0491418838500977,1.055598497390747,1.070253849029541,1.0724740028381348,1.0669161081314087,1.0621240139007568,1.058349370956421,1.0563524961471558,1.057681918144226,1.0602611303329468,1.0609259605407715,1.0579708814620972,1.0535310506820679,1.0511966943740845,1.051367998123169,1.0520905256271362,1.0524970293045044,1.0530858039855957,1.0539708137512207,1.0553113222122192,1.056990385055542,1.0585466623306274,1.0593725442886353
0.9605240821838379,0.9605242013931274,0.9605244994163513,0.9605249166488647,0.960525393486023,0.9605260491371155,0.9605268239974976,0.960527777671814,0.9605288505554199,0.9605302214622498,0.9605318903923035,0.9605339765548706,0.960536539554596,0.9605396389961243,0.9605433940887451,0.9605480432510376,0.960553765296936,0.9605607390403748,0.960569441318512,0.9605798721313477,0.9605922102928162,0.9606071710586548,0.960625410079956,0.9606478810310364,0.9606768488883972,0.960712194442749,0.9607524871826172,0.9608041048049927,0.9608855843544006,0.961065948009491,0.9616259932518005,0.9630350470542908,0.9649271965026855,0.9679256677627563,0.9738578200340271,0.9924025535583496,1.0136033296585083,1.013389229774475,1.0102503299713135,1.0315757989883423,1.0467102527618408,1.0468604564666748,1.0596979856491089,1.0714194774627686,1.0732901096343994,1.070035457611084,1.067054033279419,1.0647060871124268,1.0623232126235962,1.0606012344360352,1.0580099821090698,1.054242730140686,1.0510845184326172,1.0498789548873901,1.0496326684951782,1.048743724822998,1.0475928783416748,1.047094702720642,1.0472967624664307,1.0483627319335938,1.0503058433532715,1.052937626838684,1.0555373430252075,1.0569510459899902
0.9605240821838379,0.9605242013931274,0.9605244994163513,0.9605249166488647,0.960525393486023,0.9605260491371155,0.9605268836021423,0.960527777671814,0.9605288505554199,0.960530161857605,0.9605318903923035,0.9605339765548706,0.960536539554596,0.960539698600769,0.9605434536933899,0.9605480432510376,0.9605535864830017,0.9605606198310852,0.960569441318512,0.9605801105499268,0.9605924487113953,0.9606072306632996,0.9606252312660217,0.9606477618217468,0.9606776237487793,0.9607141017913818,0.9607568383216858,0.9608142375946045,0.9609122276306152,0.9611399173736572,0.9618245363235474,0.9635520577430725,0.96578049659729,0.9686172604560852,0.9731194972991943,0.9909599423408508,1.0136553049087524,1.0179532766342163,1.0236046314239502,1.0409016609191895,1.0437555313110352,1.0521366596221924,1.0651829242706299,1.0720080137252808,1.07292640209198,1.0687360763549805,1.0647131204605103,1.0618505477905273,1.0583487749099731,1.054951548576355,1.0516546964645386,1.049143671989441,1.047866702079773,1.046695590019226,1.0450420379638672,1.0436632633209229,1.04310941696167,1.0430725812911987,1.043586015701294,1.0447704792022705,1.0469027757644653,1.0501558780670166,1.0538705587387085,1.0562407970428467
0.9605240821838379,0.9605242013931274,0.9605244994163513,0.9605249166488647,0.960525393486023,0.9605260491371155,0.9605268836021423,0.960527777671814,0.9605288505554199,0.960530161857605,0.9605318307876587,0.9605339765548706,0.9605365991592407,0.960539698600769,0.9605435132980347,0.9605479836463928,0.9605534672737122,0.9605605006217957,0.9605693817138672,0.9605802297592163,0.9605926871299744,0.9606073498725891,0.9606249928474426,0.960647702217102,0.9606783986091614,0.9607164859771729,0.9607632160186768,0.9608302712440491,0.9609547257423401,0.9612561464309692,0.9620721340179443,0.9640476107597351,0.9667837619781494,0.9692873358726501,0.9728416800498962,0.9897734522819519,1.0141385793685913,1.0240875482559204,1.0348660945892334,1.041322112083435,1.0461926460266113,1.061441421508789,1.0691372156143188,1.0721793174743652,1.0707383155822754,1.0639007091522217,1.0581233501434326,1.055086374282837,1.0520159006118774,1.0494768619537354,1.047773003578186,1.046502709388733,1.0451172590255737,1.0433001518249512,1.0418076515197754,1.0409780740737915,1.0405230522155762,1.040434718132019,1.0407406091690063,1.0416133403778076,1.0434240102767944,1.0467029809951782,1.0512865781784058,1.0548871755599976
0.9605240821838379,0.9605242013931274,0.9605244994163513,0.9605249166488647,0.960525393486023,0.9605261087417603,0.9605268836021423,0.960527777671814,0.9605288505554199,0.960530161857605,0.9605318307876587,0.9605339169502258,0.9605365991592407,0.9605397582054138,0.9605435132980347,0.9605479836463928,0.9605534076690674,0.9605603218078613,0.9605693221092224,0.9605803489685059,0.9605929851531982,0.9606074094772339,0.9606248140335083,0.9606475830078125,0.9606789946556091,0.9607188105583191,0.9607704281806946,0.9608501195907593,0.9610090255737305,0.9614000916481018,0.962351381778717,0.9644927382469177,0.9677965641021729,0.9702242612838745,0.9730282425880432,0.9877985119819641,1.0144494771957397,1.0284075736999512,1.036794900894165,1.0356295108795166,1.0462058782577515,1.0640177726745605,1.0708986520767212,1.0706087350845337,1.066232681274414,1.0572987794876099,1.0512126684188843,1.0492686033248901,1.0475842952728271,1.0465810298919678,1.0457879304885864,1.0442885160446167,1.0423367023468018,1.040558934211731,1.0395498275756836,1.039105772972107,1.0389678478240967,1.0389926433563232,1.0392869710922241,1.040067195892334,1.041582465171814,1.0444058179855347,1.04929780960083,1.0541430711746216
0.9605240821838379,0.9605242013931274,0.9605244994163513,0.9605249166488647,0.9605254530906677,0.9605261087417603,0.9605268836021423,0.960527777671814,0.9605288505554199,0.9605301022529602,0.9605317711830139,0.9605339169502258,0.9605365991592407,0.9605398178100586,0.9605435729026794,0.960547924041748,0.9605532884597778,0.9605602025985718,0.9605692028999329,0.9605804681777954,0.9605932831764221,0.9606074690818787,0.9606245756149292,0.960647463798523,0.9606792330741882,0.9607204794883728,0.9607766270637512,0.9608696699142456,0.9610646963119507,0.9615424871444702,0.962608814239502,0.9648650884628296,0.9686921834945679,0.9716189503669739,0.9737488627433777,0.9830418229103088,1.0127549171447754,1.028221607208252,1.032956600189209,1.0274657011032104,1.0350524187088013,1.0543904304504395,1.0692577362060547,1.0671377182006836,1.0600045919418335,1.051396369934082,1.0459741353988647,1.045771598815918,1.045688271522522,1.045296549797058,1.0441508293151855,1.0420653820037842,1.0401355028152466,1.038998007774353,1.0386793613433838,1.0385829210281372,1.0383484363555908,1.0381507873535156,1.038136601448059,1.0388693809509277,1.040501356124878,1.0428272485733032,1.0474846363067627,1.0532925128936768
0.9605240821838379,0.9605242013931274,0.9605244994163513,0.9605249166488647,0.9605254530906677,0.9605261087417603,0.9605268836021423,0.960527777671814,0.9605288505554199,0.9605301022529602,0.9605317711830139,0.960533857345581,0.9605365991592407,0.9605398774147034,0.9605436325073242,0.960547924041748,0.9605532288551331,0.9605600833892822,0.9605690836906433,0.9605805277824402,0.9605934619903564,0.9606075286865234,0.9606243371963501,0.9606473445892334,0.9606792330741882,0.9607211351394653,0.9607803225517273,0.9608843326568604,0.9611096382141113,0.9616506695747375,0.9627827405929565,0.9651538133621216,0.9693654775619507,0.9731152057647705,0.9748089909553528,0.9778883457183838,1.0064404010772705,1.0255881547927856,1.0283560752868652,1.022926688194275,1.023767113685608,1.035921335220337,1.0587159395217896,1.064954161643982,1.0537996292114258,1.0471307039260864,1.0432538986206055,1.044236660003662,1.0445866584777832,1.0441431999206543,1.0425666570663452,1.0403913259506226,1.0389207601547241,1.0384011268615723,1.038419246673584,1.0382721424102783,1.0380859375,1.0378191471099854,1.037279725074768,1.0378748178482056,1.0400224924087524,1.042174220085144,1.04634428024292,1.0526260137557983
0.9605240821838379,0.9605242013931274,0.9605244994163513,0.9605249166488647,0.9605254530906677,0.9605261087417603,0.9605268836021423,0.960527777671814,0.9605288505554199,0.9605301022529602,0.9605317711830139,0.960533857345581,0.9605365991592407,0.9605398774147034,0.9605436325073242,0.9605479836463928,0.9605532288551331,0.9605599641799927,0.9605689644813538,0.9605805277824402,0.9605936408042908,0.9606075286865234,0.9606242179870605,0.9606473445892334,0.9606790542602539,0.9607207775115967,0.9607805609703064,0.9608908891677856,0.9611363410949707,0.9617019295692444,0.9628591537475586,0.9653505682945251,0.9697210192680359,0.974162757396698,0.9759695529937744,0.9775010347366333,0.9966374635696411,1.0201605558395386,1.0260132551193237,1.0230790376663208,1.022397518157959,1.0251185894012451,1.0386425256729126,1.0615086555480957,1.0515952110290527,1.0443936586380005,1.0417858362197876,1.0432361364364624,1.0444300174713135,1.043302059173584,1.0413025617599487,1.0391051769256592,1.0380676984786987,1.0380343198776245,1.0383639335632324,1.0384637117385864,1.0387214422225952,1.0381683111190796,1.0370330810546875,1.037484049797058,1.040041446685791,1.0421104431152344,1.0457717180252075,1.0519877672195435
0.9605240821838379,0.9605242013931274,0.9605244994163513,0.9605249166488647,0.9605254530906677,0.9605261087417603,0.9605268836021423,0.960527777671814,0.9605288505554199,0.960530161857605,0.9605317711830139,0.960533857345581,0.9605365991592407,0.9605399370193481,0.960543692111969,0.9605479836463928,0.9605531692504883,0.9605599045753479,0.9605688452720642,0.9605805277824402,0.9605937004089355,0.9606075882911682,0.9606242179870605,0.9606473445892334,0.96067875623703,0.9607195854187012,0.9607778787612915,0.9608887434005737,0.9611419439315796,0.9616950154304504,0.9628717303276062,0.9654489755630493,0.9698644280433655,0.9749100804328918,0.9769209027290344,0.9778002500534058,0.9873480796813965,1.0103174448013306,1.0228077173233032,1.0248721837997437,1.0252585411071777,1.0265380144119263,1.0254008769989014,1.048994541168213,1.05389404296875,1.0430190563201904,1.0422708988189697,1.0422087907791138,1.0434837341308594,1.0424779653549194,1.0406386852264404,1.0386791229248047,1.0377994775772095,1.038072943687439,1.0385874509811401,1.0387141704559326,1.0387815237045288,1.0376886129379272,1.0367927551269531,1.0378929376602173,1.040629506111145,1.0424429178237915,1.045678734779358,1.0514883995056152
0.9605240821838379,0.9605242013931274,0.9605244994163513,0.9605249166488647,0.9605254530906677,0.9605261087417603,0.9605268836021423,0.960527777671814,0.9605288505554199,0.960530161857605,0.9605317711830139,0.960533857345581,0.9605365991592407,0.9605399370193481,0.960543692111969,0.9605480432510376,0.9605532288551331,0.9605598449707031,0.9605687856674194,0.9605804681777954,0.9605937004089355,0.9606077075004578,0.9606243371963501,0.9606474041938782,0.9606784582138062,0.9607179760932922,0.9607738256454468,0.9608803391456604,0.9611278176307678,0.9616536498069763,0.9628548622131348,0.9654763340950012,0.9700505137443542,0.975526750087738,0.9780524373054504,0.9771158695220947,0.9832675457000732,1.0006886720657349,1.0163122415542603,1.0231753587722778,1.0257480144500732,1.0290265083312988,1.024329423904419,1.0344133377075195,1.0539250373840332,1.0441113710403442,1.0411367416381836,1.042533278465271,1.0434308052062988,1.0421695709228516,1.0398566722869873,1.0378457307815552,1.036840558052063,1.037002444267273,1.0373423099517822,1.037659764289856,1.0374153852462769,1.0364625453948975,1.0370655059814453,1.0390180349349976,1.0413851737976074,1.0427954196929932,1.0456799268722534,1.05129075050354
0.9605240821838379,0.9605242013931274,0.9605244994163513,0.9605249166488647,0.9605254530906677,0.9605261087417603,0.9605268836021423,0.960527777671814,0.9605288505554199,0.960530161857605,0.9605317711830139,0.960533857345581,0.9605365991592407,0.9605399370193481,0.960543692111969,0.9605480432510376,0.9605532288551331,0.9605598449707031,0.9605687856674194,0.9605804085731506,0.9605936408042908,0.9606078267097473,0.9606245160102844,0.9606474041938782,0.9606780409812927,0.9607164263725281,0.9607699513435364,0.960869312286377,0.9611018300056458,0.9616050124168396,0.9628420472145081,0.9655088186264038,0.9701383113861084,0.9756684303283691,0.9790989756584167,0.9780267477035522,0.9815171360969543,0.9942246079444885,1.0082592964172363,1.0173559188842773,1.0233511924743652,1.0282909870147705,1.0257679224014282,1.0261739492416382,1.0497617721557617,1.0494836568832397,1.040915608406067,1.039958119392395,1.0420100688934326,1.0427788496017456,1.0413388013839722,1.039164662361145,1.0375165939331055,1.0368156433105469,1.0366296768188477,1.0365283489227295,1.036017894744873,1.0366301536560059,1.0386230945587158,1.0397069454193115,1.0409877300262451,1.042665719985962,1.0457731485366821,1.0512624979019165
0.9605240821838379,0.9605242013931274,0.9605244994163513,0.9605249166488647,0.9605254530906677,0.9605261087417603,0.9605268836021423,0.960527777671814,0.9605288505554199,0.960530161857605,0.9605317711830139,0.960533857345581,0.9605365991592407,0.9605398774147034,0.960543692111969,0.9605480432510376,0.9605532884597778,0.9605599045753479,0.9605687856674194,0.9605802893638611,0.960593581199646,0.9606080055236816,0.9606248140335083,0.960647463798523,0.9606776237487793,0.9607152938842773,0.9607676863670349,0.9608602523803711,0.9610741138458252,0.9615698456764221,0.9628820419311523,0.9655468463897705,0.9700518846511841,0.976003110408783,0.9801529049873352,0.9791048169136047,0.9820379018783569,0.9914054870605469,1.0037977695465088,1.014691710472107,1.0223784446716309,1.0262736082077026,1.0245805978775024,1.0224634408950806,1.0432795286178589,1.0539448261260986,1.0476536750793457,1.041503667831421,1.0397617816925049,1.0402027368545532,1.0402753353118896,1.0393660068511963,1.0380853414535522,1.0369892120361328,1.0363142490386963,1.0360008478164673,1.037063717842102,1.039022445678711,1.03883695602417,1.0367804765701294,1.0380823612213135,1.0418745279312134,1.0459210872650146,1.051395297050476
0.9605240821838379,0.9605242013931274,0.9605244994163513,0.9605249166488647,0.9605254530906677,0.9605261087417603,0.9605268239974976,0.960527777671814,0.9605288505554199,0.960530161857605,0.9605318307876587,0.9605339169502258,0.9605365991592407,0.9605398774147034,0.9605436325073242,0.9605480432510376,0.9605532884597778,0.9605599641799927,0.9605688452720642,0.9605801701545715,0.9605934023857117,0.9606081247329712,0.9606252908706665,0.9606475830078125,0.9606772661209106,0.9607147574424744,0.9607675671577454,0.9608562588691711,0.9610542058944702,0.961562991142273,0.9629768133163452,0.9655879735946655,0.9701636433601379,0.9773620367050171,0.9823333024978638,0.9804660677909851,0.984214186668396,0.9936818480491638,1.0070805549621582,1.017539381980896,1.0217126607894897,1.0230762958526611,1.0220729112625122,1.0207701921463013,1.0349605083465576,1.0490697622299194,1.0513471364974976,1.0478694438934326,1.044074296951294,1.0416728258132935,1.0404722690582275,1.0397650003433228,1.0391764640808105,1.038820743560791,1.038758635520935,1.0395288467407227,1.0404239892959595,1.0380895137786865,1.03211510181427,1.0284266471862793,1.0331875085830688,1.040889859199524,1.046125054359436,1.0516258478164673
0.9605240821838379,0.9605242013931274,0.9605244994163513,0.9605249166488647,0.9605254530906677,0.9605261087417603,0.9605268239974976,0.9605277180671692,0.9605288505554199,0.960530161857605,0.9605318307876587,0.9605339169502258,0.9605365991592407,0.9605398178100586,0.9605436325073242,0.9605480432510376,0.9605533480644226,0.9605600833892822,0.960568904876709,0.960580050945282,0.9605931043624878,0.960608184337616,0.9606258273124695,0.9606477618217468,0.960676908493042,0.9607148766517639,0.9607694745063782,0.9608594179153442,0.961050271987915,0.961583137512207,0.9631107449531555,0.9657469987869263,0.9708338379859924,0.9797928333282471,0.9855945706367493,0.9818190932273865,0.9827680587768555,0.9965408444404602,1.013553261756897,1.0202916860580444,1.0191650390625,1.0194846391677856,1.0200724601745605,1.0207642316818237,1.0282434225082397,1.0369088649749756,1.0414046049118042,1.0432147979736328,1.0439858436584473,1.0440598726272583,1.0436426401138306,1.0429757833480835,1.0422942638397217,1.041542887687683,1.040870189666748,1.0395060777664185,1.0351251363754272,1.027477741241455,1.0204055309295654,1.0195086002349854,1.0291149616241455,1.040403127670288,1.0463618040084839,1.0519012212753296
0.9605240821838379,0.9605242013931274,0.9605244994163513,0.9605249166488647,0.9605254530906677,0.9605261087417603,0.9605268239974976,0.9605277180671692,0.9605288505554199,0.960530161857605,0.9605318307876587,0.9605339765548706,0.960536539554596,0.9605397582054138,0.9605435729026794,0.9605480432510376,0.9605534076690674,0.9605602025985718,0.9605690240859985,0.9605799317359924,0.9605928063392639,0.9606082439422607,0.960626482963562,0.9606481790542603,0.9606766104698181,0.960715115070343,0.9607726335525513,0.9608687162399292,0.9610655307769775,0.961625874042511,0.9632806181907654,0.9661223888397217,0.9720852971076965,0.9828675389289856,0.9900014400482178,0.9848018884658813,0.9858921766281128,1.0040924549102783,1.01642906665802,1.0186108350753784,1.0179810523986816,1.018433690071106,1.0190895795822144,1.019978404045105,1.0220322608947754,1.0236470699310303,1.0245990753173828,1.0260446071624756,1.0278679132461548,1.0300132036209106,1.0321769714355469,1.0338026285171509,1.034468650817871,1.0342447757720947,1.032787561416626,1.028599500656128,1.022512674331665,1.0182949304580688,1.0155081748962402,1.0158475637435913,1.0272276401519775,1.0405040979385376,1.0465421676635742,1.0521845817565918
0.9605240821838379,0.9605242013931274,0.9605244994163513,0.9605249166488647,0.9605254530906677,0.9605261087417603,0.9605268239974976,0.9605277180671692,0.9605288505554199,0.960530161857605,0.9605318903923035,0.9605339765548706,0.960536539554596,0.960539698600769,0.9605435132980347,0.9605479836463928,0.9605534076690674,0.9605603218078613,0.9605690836906433,0.9605797529220581,0.9605925679206848,0.9606083035469055,0.960627019405365,0.9606486558914185,0.9606762528419495,0.9607147574424744,0.9607754945755005,0.9608794450759888,0.9610968828201294,0.9616872072219849,0.9634848833084106,0.9667757749557495,0.973507821559906,0.9855200052261353,0.9940704703330994,0.989146888256073,0.9849123358726501,1.0035884380340576,1.0174949169158936,1.013009786605835,1.0149329900741577,1.0172042846679688,1.0176624059677124,1.0173856019973755,1.0166234970092773,1.015633463859558,1.0150153636932373,1.0145595073699951,1.0138548612594604,1.0134106874465942,1.0141141414642334,1.0164810419082642,1.0197495222091675,1.0222591161727905,1.0225714445114136,1.020880103111267,1.0192036628723145,1.0189158916473389,1.0166994333267212,1.0150773525238037,1.0266855955123901,1.0410542488098145,1.046659231185913,1.0524691343307495
0.9605240821838379,0.9605242013931274,0.9605244994163513,0.9605249166488647,0.9605254530906677,0.9605261087417603,0.9605268239974976,0.9605277180671692,0.9605288505554199,0.960530161857605,0.9605318903923035,0.9605339765548706,0.960536539554596,0.960539698600769,0.9605435132980347,0.9605479836463928,0.9605534672737122,0.9605603814125061,0.9605690836906433,0.9605796337127686,0.9605923295021057,0.9606083035469055,0.9606273770332336,0.9606490731239319,0.960675835609436,0.9607137441635132,0.9607759714126587,0.9608878493309021,0.9611319899559021,0.9617556929588318,0.9637536406517029,0.9675886631011963,0.9741457104682922,0.9879891276359558,0.9966408014297485,0.9918781518936157,0.9865553975105286,0.993547797203064,1.018347978591919,1.011447548866272,1.0085880756378174,1.010351300239563,1.0117682218551636,1.0124117136001587,1.0126676559448242,1.0125728845596313,1.0119596719741821,1.0104807615280151,1.0092791318893433,1.0086535215377808,1.0079060792922974,1.0081065893173218,1.0105546712875366,1.0141044855117798,1.0167254209518433,1.01754891872406,1.0169994831085205,1.0169590711593628,1.0149098634719849,1.0138663053512573,1.0275169610977173,1.0421366691589355,1.0466840267181396,1.0527645349502563
0.9605240821838379,0.9605242013931274,0.9605244994163513,0.9605249166488647,0.9605254530906677,0.9605261087417603,0.9605268239974976,0.9605277180671692,0.9605288505554199,0.960530161857605,0.9605318903923035,0.9605339765548706,0.960536539554596,0.960539698600769,0.9605434536933899,0.9605479836463928,0.9605534672737122,0.9605604410171509,0.9605691432952881,0.960579514503479,0.9605921506881714,0.9606082439422607,0.960627555847168,0.9606491923332214,0.960675060749054,0.9607121348381042,0.9607725739479065,0.9608938097953796,0.9611587524414062,0.961828887462616,0.9640747308731079,0.9682037830352783,0.9738978743553162,0.9913509488105774,0.999000072479248,0.994187593460083,0.9913102984428406,0.993659496307373,1.009811282157898,1.0141316652297974,1.0100027322769165,1.0073771476745605,1.0069931745529175,1.0076342821121216,1.0085656642913818,1.0088499784469604,1.007839560508728,1.0064277648925781,1.0065516233444214,1.008233666419983,1.0096088647842407,1.010193943977356,1.0110365152359009,1.0125657320022583,1.0146278142929077,1.0160179138183594,1.0156253576278687,1.0153934955596924,1.012941598892212,1.0138705968856812,1.0305354595184326,1.0435744524002075,1.0465611219406128,1.0530762672424316
0.9605240821838379,0.9605242013931274,0.9605244994163513,0.9605249166488647,0.9605254530906677,0.9605261087417603,0.9605268239974976,0.9605277180671692,0.9605288505554199,0.9605302214622498,0.9605318903923035,0.9605339765548706,0.960536539554596,0.960539698600769,0.9605433940887451,0.960547924041748,0.9605535268783569,0.9605605006217957,0.9605691432952881,0.9605793952941895,0.9605919718742371,0.9606080651283264,0.9606274962425232,0.9606488943099976,0.9606741666793823,0.9607095718383789,0.9607663154602051,0.9608895778656006,0.9611628651618958,0.9619178771972656,0.9643024802207947,0.9685468077659607,0.9742786288261414,0.9915214776992798,1.0013991594314575,1.0025513172149658,1.0027097463607788,0.9995004534721375,1.0005745887756348,1.006758451461792,1.0085035562515259,1.007567286491394,1.0063661336898804,1.0056465864181519,1.0052160024642944,1.0048151016235352,1.0057002305984497,1.0084387063980103,1.0112680196762085,1.0131784677505493,1.0141831636428833,1.014646291732788,1.0149084329605103,1.014959454536438,1.0152337551116943,1.0148946046829224,1.0140577554702759,1.0140230655670166,1.0115644931793213,1.0164463520050049,1.035528540611267,1.044709324836731,1.0462901592254639,1.053392767906189
0.9605240821838379,0.9605242013931274,0.9605244994163513,0.9605249166488647,0.9605254530906677,0.9605260491371155,0.9605268239974976,0.9605277180671692,0.9605288505554199,0.9605302214622498,0.9605318903923035,0.9605339765548706,0.960536539554596,0.9605396389961243,0.9605433940887451,0.960547924041748,0.9605535864830017,0.9605605602264404,0.9605690836906433,0.9605793356895447,0.9605919122695923,0.9606079459190369,0.9606271386146545,0.9606484770774841,0.9606732726097107,0.9607062339782715,0.9607576131820679,0.9608726501464844,0.9611498117446899,0.961984395980835,0.9644556045532227,0.9689193367958069,0.9751560688018799,0.9895792603492737,1.0007404088974,1.0019935369491577,1.0047870874404907,1.0083175897598267,1.0083345174789429,1.0053887367248535,1.0047142505645752,1.0047798156738281,1.0047619342803955,1.0051072835922241,1.0065687894821167,1.0094879865646362,1.0128165483474731,1.0149062871932983,1.0155075788497925,1.015279769897461,1.0148179531097412,1.0144071578979492,1.0140520334243774,1.0135856866836548,1.0131598711013794,1.0121798515319824,1.0127644538879395,1.0131192207336426,1.0113887786865234,1.0220069885253906,1.0409691333770752,1.0449682474136353,1.0459712743759155,1.053678035736084
0.9605240821838379,0.9605242013931274,0.9605244994163513,0.9605249166488647,0.9605254530906677,0.9605260491371155,0.9605268239974976,0.9605277180671692,0.9605288505554199,0.9605302214622498,0.9605318903923035,0.9605339765548706,0.960536539554596,0.9605396389961243,0.9605433344841003,0.960547924041748,0.9605536460876465,0.9605606198310852,0.9605690240859985,0.9605791568756104,0.9605917930603027,0.9606077671051025,0.9606266021728516,0.9606480002403259,0.9606723189353943,0.9607024192810059,0.960746705532074,0.960845947265625,0.9611235857009888,0.9620314836502075,0.9645549654960632,0.9692787528038025,0.9760857820510864,0.9869269728660583,0.9985933899879456,0.9992285370826721,1.0011850595474243,1.00553297996521,1.0109469890594482,1.0132060050964355,1.012094497680664,1.0107468366622925,1.010852575302124,1.01258385181427,1.0151722431182861,1.0170849561691284,1.0173124074935913,1.0162807703018188,1.0150871276855469,1.0143860578536987,1.0140787363052368,1.0137543678283691,1.013398289680481,1.0134673118591309,1.0134484767913818,1.0128898620605469,1.0137314796447754,1.011977195739746,1.0136915445327759,1.030548334121704,1.0449227094650269,1.0443472862243652,1.045730710029602,1.0538685321807861
0.9605240821838379,0.9605242609977722,0.9605244994163513,0.9605249166488647,0.9605254530906677,0.9605260491371155,0.9605268239974976,0.9605277180671692,0.9605288505554199,0.9605302810668945,0.9605319499969482,0.9605339765548706,0.960536539554596,0.9605396389961243,0.9605433344841003,0.960547924041748,0.9605536460876465,0.96056067943573,0.9605690240859985,0.960578978061676,0.9605916738510132,0.9606075882911682,0.9606262445449829,0.9606474041938782,0.9606711864471436,0.9606980681419373,0.9607331156730652,0.9608060717582703,0.9610680937767029,0.962058961391449,0.9646161794662476,0.9696686863899231,0.9766578674316406,0.9849864840507507,0.9960209131240845,0.9967453479766846,0.998926043510437,1.0043350458145142,1.0127559900283813,1.0152719020843506,1.0164071321487427,1.0168862342834473,1.0176676511764526,1.018944263458252,1.0197635889053345,1.0196599960327148,1.0187757015228271,1.0178310871124268,1.0174092054367065,1.0170584917068481,1.0159107446670532,1.0139845609664917,1.012384057044983,1.011821985244751,1.0120151042938232,1.0132261514663696,1.0133711099624634,1.0110197067260742,1.021120548248291,1.039366364479065,1.0462772846221924,1.043380618095398,1.045606255531311,1.0538958311080933
0.9605240821838379,0.9605242609977722,0.9605244994163513,0.9605249166488647,0.960525393486023,0.9605260491371155,0.9605268239974976,0.9605277180671692,0.9605289101600647,0.9605302810668945,0.9605319499969482,0.9605340361595154,0.9605365991592407,0.960539698600769,0.9605433344841003,0.9605478644371033,0.9605537056922913,0.9605607390403748,0.9605689644813538,0.9605787992477417,0.9605914950370789,0.9606074690818787,0.960625946521759,0.9606465697288513,0.960669219493866,0.9606918096542358,0.9607136249542236,0.9607409238815308,0.960968554019928,0.9620652794837952,0.9646486043930054,0.9699912071228027,0.9772151708602905,0.9845414757728577,0.9935024380683899,0.994661808013916,0.9971184730529785,1.0049270391464233,1.0175230503082275,1.0197501182556152,1.018341302871704,1.019021987915039,1.0211966037750244,1.023224949836731,1.0243719816207886,1.0250706672668457,1.0244964361190796,1.0221611261367798,1.0197250843048096,1.0171334743499756,1.0139333009719849,1.0111777782440186,1.0100634098052979,1.0106239318847656,1.0123752355575562,1.013163685798645,1.0111802816390991,1.015021800994873,1.033126711845398,1.0442869663238525,1.0459682941436768,1.0425208806991577,1.0455461740493774,1.0537211894989014
0.9605240821838379,0.9605242609977722,0.9605244994163513,0.9605249166488647,0.960525393486023,0.9605260491371155,0.9605268239974976,0.9605277180671692,0.9605289101600647,0.9605302810668945,0.9605319499969482,0.9605340361595154,0.9605365991592407,0.960539698600769,0.9605433344841003,0.9605478644371033,0.9605537056922913,0.9605607390403748,0.960568904876709,0.9605786800384521,0.9605913162231445,0.9606073498725891,0.9606256484985352,0.9606453776359558,0.9606657028198242,0.9606813192367554,0.96068274974823,0.9606410264968872,0.9608298540115356,0.9620431065559387,0.9646279215812683,0.9703042507171631,0.978010356426239,0.9849768877029419,0.9915713667869568,0.993005633354187,0.9952077269554138,1.005792260169983,1.020811676979065,1.0228163003921509,1.019993543624878,1.0214265584945679,1.0248267650604248,1.0271117687225342,1.0281368494033813,1.028925895690918,1.0286847352981567,1.0245071649551392,1.0197625160217285,1.0157262086868286,1.0122706890106201,1.010297179222107,1.0103905200958252,1.0115760564804077,1.012065052986145,1.0108352899551392,1.0133183002471924,1.0268135070800781,1.0425159931182861,1.0453699827194214,1.045246958732605,1.0419412851333618,1.04550039768219,1.05335533618927
0.9605240821838379,0.9605242609977722,0.9605244994163513,0.9605249166488647,0.960525393486023,0.9605260491371155,0.9605267643928528,0.9605277180671692,0.9605289101600647,0.9605302810668945,0.9605319499969482,0.9605340361595154,0.9605365991592407,0.960539698600769,0.9605433344841003,0.9605478644371033,0.9605536460876465,0.96056067943573,0.9605687856674194,0.9605786204338074,0.960591197013855,0.9606071710586548,0.9606252312660217,0.9606437087059021,0.9606605172157288,0.9606654047966003,0.9606343507766724,0.9605095386505127,0.960665225982666,0.9619691371917725,0.9645724892616272,0.9707058668136597,0.9789814949035645,0.9855120182037354,0.9905260801315308,0.9923153519630432,0.9953656792640686,1.0069743394851685,1.0208083391189575,1.023958683013916,1.0209336280822754,1.021282434463501,1.023551106452942,1.025168776512146,1.025773048400879,1.0268970727920532,1.0294114351272583,1.026499629020691,1.0191154479980469,1.0141173601150513,1.0112242698669434,1.0102697610855103,1.0103620290756226,1.0104681253433228,1.0103915929794312,1.0134577751159668,1.0242832899093628,1.0389484167099,1.0458194017410278,1.0453135967254639,1.0444819927215576,1.041745901107788,1.0454580783843994,1.052854299545288
0.9605240821838379,0.9605242609977722,0.9605244994163513,0.9605249166488647,0.960525393486023,0.9605259895324707,0.9605267643928528,0.9605277180671692,0.9605289101600647,0.9605302810668945,0.960532009601593,0.9605340957641602,0.9605366587638855,0.960539698600769,0.9605433344841003,0.9605478644371033,0.9605536460876465,0.9605606198310852,0.9605687260627747,0.9605785608291626,0.9605911374092102,0.9606069326400757,0.9606246948242188,0.9606418013572693,0.9606541991233826,0.9606442451477051,0.9605684876441956,0.9603610038757324,0.9604853987693787,0.9618229269981384,0.96452397108078,0.9711744785308838,0.979908287525177,0.9857606887817383,0.989516019821167,0.9910629987716675,0.9956164360046387,1.006184458732605,1.0157500505447388,1.0216370820999146,1.0214130878448486,1.0200469493865967,1.0195224285125732,1.0196589231491089,1.01985502243042,1.0206295251846313,1.025382399559021,1.0278291702270508,1.0191750526428223,1.0138295888900757,1.011000156402588,1.0101737976074219,1.0101134777069092,1.0112069845199585,1.0152733325958252,1.0244874954223633,1.0367403030395508,1.0449851751327515,1.0461152791976929,1.0451054573059082,1.043898582458496,1.0419148206710815,1.0454564094543457,1.0523015260696411
0.9605240821838379,0.9605242609977722,0.9605245590209961,0.9605249166488647,0.960525393486023,0.9605259895324707,0.9605267643928528,0.9605277180671692,0.9605289101600647,0.9605303406715393,0.9605320692062378,0.9605340957641602,0.9605365991592407,0.9605396389961243,0.9605432748794556,0.9605478644371033,0.9605536460876465,0.9605605602264404,0.9605686068534851,0.9605785012245178,0.9605910778045654,0.9606067538261414,0.9606241583824158,0.9606401324272156,0.9606477618217468,0.9606207609176636,0.960495114326477,0.9602190852165222,0.9603121280670166,0.961643397808075,0.964543879032135,0.9715772867202759,0.9805964231491089,0.9854846000671387,0.9878277778625488,0.9889861941337585,0.9949593544006348,1.0035384893417358,1.0080897808074951,1.0121231079101562,1.0139245986938477,1.0139940977096558,1.0135304927825928,1.0133765935897827,1.013970136642456,1.014851689338684,1.0188143253326416,1.0265254974365234,1.0216931104660034,1.0145812034606934,1.0126049518585205,1.0122854709625244,1.0140689611434937,1.0184611082077026,1.026247501373291,1.0359432697296143,1.0434801578521729,1.0464433431625366,1.0462738275527954,1.0449023246765137,1.0436935424804688,1.042370080947876,1.0455571413040161,1.051784873008728
0.9605240821838379,0.9605242609977722,0.9605245590209961,0.9605249166488647,0.960525393486023,0.9605259895324707,0.9605267643928528,0.9605277180671692,0.9605289101600647,0.9605303406715393,0.9605320692062378,0.9605341553688049,0.9605365991592407,0.9605395793914795,0.9605432748794556,0.960547924041748,0.9605537056922913,0.9605605006217957,0.9605685472488403,0.9605785608291626,0.9605911374092102,0.960606575012207,0.9606236815452576,0.9606388807296753,0.9606421589851379,0.9605996608734131,0.9604292511940002,0.9601094722747803,0.9601903557777405,0.9615307450294495,0.9647005796432495,0.9717668294906616,0.9807431101799011,0.9843994975090027,0.9853414297103882,0.9876003861427307,0.9940676689147949,1.0003750324249268,1.0024915933609009,1.003111481666565,1.0033077001571655,1.0037254095077515,1.0044455528259277,1.0053452253341675,1.0066485404968262,1.0094752311706543,1.0126925706863403,1.0209757089614868,1.0260294675827026,1.0163928270339966,1.0163692235946655,1.0174908638000488,1.0213896036148071,1.0277681350708008,1.0353283882141113,1.0417852401733398,1.045579433441162,1.0470771789550781,1.0467150211334229,1.0448191165924072,1.0437637567520142,1.0430479049682617,1.0458118915557861,1.051379680633545
0.9605240821838379,0.9605242609977722,0.9605245590209961,0.9605249166488647,0.960525393486023,0.9605259895324707,0.9605267643928528,0.9605277180671692,0.9605289101600647,0.9605304002761841,0.9605321288108826,0.9605341553688049,0.960536539554596,0.9605395197868347,0.9605432152748108,0.9605479836463928,0.9605537056922913,0.9605604410171509,0.9605684876441956,0.9605786204338074,0.9605912566184998,0.9606064558029175,0.9606233239173889,0.960638165473938,0.9606382846832275,0.9605839848518372,0.9603814482688904,0.960048496723175,0.9601660370826721,0.9615679383277893,0.965002715587616,0.9717965126037598,0.9803524017333984,0.9832770228385925,0.9837602972984314,0.9873687624931335,0.9935624599456787,0.9982672929763794,1.0012520551681519,1.0026129484176636,1.0035834312438965,1.0048398971557617,1.0055115222930908,1.0052663087844849,1.004206895828247,1.0045595169067383,1.0076022148132324,1.012425184249878,1.0269405841827393,1.0227856636047363,1.0165128707885742,1.0215535163879395,1.0269278287887573,1.0331991910934448,1.0390323400497437,1.043453335762024,1.0465441942214966,1.0478955507278442,1.0472209453582764,1.0450688600540161,1.044205665588379,1.0439445972442627,1.0462493896484375,1.0511375665664673
0.9605240821838379,0.9605242609977722,0.9605245590209961,0.9605249166488647,0.960525393486023,0.9605259895324707,0.9605267643928528,0.9605277180671692,0.9605289101600647,0.9605304002761841,0.9605321288108826,0.9605341553688049,0.960536539554596,0.9605394601821899,0.9605432152748108,0.9605480432510376,0.960553765296936,0.9605604410171509,0.9605684876441956,0.9605786800384521,0.9605913758277893,0.9606063961982727,0.960623025894165,0.9606381058692932,0.9606364369392395,0.9605743288993835,0.9603537321090698,0.9600358605384827,0.9602437019348145,0.9617639183998108,0.9654039740562439,0.9718887209892273,0.979663610458374,0.9822888374328613,0.9832436442375183,0.987700343132019,0.9937036633491516,0.9983832836151123,1.0021159648895264,1.0046298503875732,1.0078015327453613,1.0099834203720093,1.0103029012680054,1.0093891620635986,1.0076091289520264,1.0047210454940796,1.003783941268921,1.0073800086975098,1.0189214944839478,1.026577353477478,1.0195176601409912,1.0201908349990845,1.0270442962646484,1.0333753824234009,1.0385823249816895,1.0431857109069824,1.0467804670333862,1.0481112003326416,1.047454833984375,1.0455628633499146,1.0449906587600708,1.0450520515441895,1.0468868017196655,1.0510841608047485
0.9605240821838379,0.9605242609977722,0.9605245590209961,0.9605249166488647,0.960525393486023,0.9605259895324707,0.9605267643928528,0.9605277180671692,0.9605289101600647,0.9605304002761841,0.9605321288108826,0.9605341553688049,0.9605364799499512,0.9605394005775452,0.9605432152748108,0.9605480432510376,0.9605537056922913,0.9605603814125061,0.9605685472488403,0.9605788588523865,0.9605915546417236,0.9606063961982727,0.9606229662895203,0.960638701915741,0.9606369733810425,0.9605699777603149,0.960342526435852,0.9600557088851929,0.9603786468505859,0.962067723274231,0.9658504724502563,0.9721375107765198,0.9789813756942749,0.9812503457069397,0.9829682111740112,0.9882062673568726,0.9945150017738342,0.9998255372047424,1.0032936334609985,1.0078990459442139,1.0115224123001099,1.01203191280365,1.0118192434310913,1.0107202529907227,1.0084978342056274,1.0064175128936768,1.0039125680923462,1.003209114074707,1.0086826086044312,1.0216845273971558,1.0264736413955688,1.0231419801712036,1.024686336517334,1.0305020809173584,1.0369441509246826,1.0429178476333618,1.0473052263259888,1.0490055084228516,1.0487303733825684,1.047183632850647,1.046584129333496,1.0465219020843506,1.0477321147918701,1.05121910572052
0.9605240821838379,0.9605242609977722,0.9605245590209961,0.9605249166488647,0.960525393486023,0.9605259895324707,0.9605267643928528,0.9605277180671692,0.9605289101600647,0.9605304002761841,0.9605321288108826,0.9605341553688049,0.9605364799499512,0.9605394005775452,0.9605432152748108,0.9605480432510376,0.9605537056922913,0.9605603814125061,0.9605686068534851,0.9605790376663208,0.9605917930603027,0.9606065154075623,0.9606230854988098,0.9606397747993469,0.9606391787528992,0.9605700373649597,0.960343599319458,0.9600942730903625,0.9605280756950378,0.9624047875404358,0.9663095474243164,0.9724659323692322,0.9784823656082153,0.9803692698478699,0.9828537106513977,0.9888896346092224,0.995718777179718,1.0011290311813354,1.0064741373062134,1.0132219791412354,1.0147199630737305,1.0159521102905273,1.0176992416381836,1.01480233669281,1.0089699029922485,1.0045982599258423,1.0030940771102905,1.0024863481521606,1.0029067993164062,1.010238766670227,1.0220310688018799,1.0276957750320435,1.0284181833267212,1.0306249856948853,1.0358679294586182,1.0420151948928833,1.0465584993362427,1.048464298248291,1.0488084554672241,1.0482370853424072,1.0481491088867188,1.0481353998184204,1.0487395524978638,1.051519513130188
0.9605240821838379,0.9605242609977722,0.9605245590209961,0.9605249166488647,0.960525393486023,0.9605259895324707,0.9605267643928528,0.9605277180671692,0.9605289101600647,0.9605304002761841,0.9605321288108826,0.9605341553688049,0.9605364799499512,0.9605394005775452,0.9605432152748108,0.9605480432510376,0.9605536460876465,0.9605603218078613,0.9605687260627747,0.9605792760848999,0.9605919718742371,0.960606575012207,0.9606233239173889,0.9606408476829529,0.9606422781944275,0.9605733752250671,0.9603556990623474,0.9601547122001648,0.9606902003288269,0.962709367275238,0.9667556881904602,0.9727296233177185,0.9780540466308594,0.979759156703949,0.9827961325645447,0.9896255731582642,0.9970221519470215,1.0031193494796753,1.011230230331421,1.0155235528945923,1.0163075923919678,1.0223685503005981,1.025497317314148,1.0200552940368652,1.0111315250396729,1.004338026046753,1.0006650686264038,0.9998266696929932,1.0007184743881226,1.0029103755950928,1.0101267099380493,1.0200848579406738,1.0274147987365723,1.0317227840423584,1.035608172416687,1.0398391485214233,1.0429840087890625,1.0439903736114502,1.0441572666168213,1.0448319911956787,1.046809434890747,1.04866623878479,1.049656867980957,1.051912546157837
0.9605240821838379,0.9605242609977722,0.9605245590209961,0.9605249166488647,0.960525393486023,0.9605259895324707,0.9605267643928528,0.9605276584625244,0.9605288505554199,0.9605303406715393,0.9605321288108826,0.9605341553688049,0.9605364799499512,0.9605394005775452,0.9605432748794556,0.9605480432510376,0.9605535864830017,0.9605603218078613,0.9605687856674194,0.9605793952941895,0.9605920910835266,0.9606066346168518,0.9606234431266785,0.960641622543335,0.9606454372406006,0.9605804681777954,0.9603820443153381,0.9602499008178711,0.9608842730522156,0.9629573822021484,0.9671532511711121,0.972859799861908,0.9775241017341614,0.9793000221252441,0.982719898223877,0.9901297092437744,0.9981860518455505,1.005808711051941,1.0138800144195557,1.0146937370300293,1.0168025493621826,1.0252331495285034,1.0296354293823242,1.0255601406097412,1.018154263496399,1.0124471187591553,1.006752371788025,1.001461148262024,0.9988176822662354,0.9990851283073425,1.0016099214553833,1.0075329542160034,1.0157326459884644,1.0235503911972046,1.0298548936843872,1.034639596939087,1.0375865697860718,1.0381900072097778,1.0375549793243408,1.0380817651748657,1.0419623851776123,1.047336459159851,1.050171136856079,1.0522810220718384
